id,source,title,type,transaction,price,priceDisplay,currency,area,pricePerM2,location,province,district,lat,lng,bedrooms,bathrooms,floors,frontage,description,imageUrl,url,postedAt,scrapedAt
chotot-130860328,chotot,🎉BÁN NHÀ TÂN CỔ ĐIỂN ANH TUẤN Green Riverside 🏡Nhà Đẹp Như Mới 🪭,Townhouse,SALE,8800000000,"8,8 tỷ",VND,80,110000000,"Lê Văn Lương, Huyện Nhà Bè, Tp Hồ Chí Minh",Tp Hồ Chí Minh,Huyện Nhà Bè,10.67503,106.69843,4,4,3,6.5,"🎊Nhà full nội thất đẹp như mới 
-Nhà hẻm ô tô thoại mái ✨
-Diện tích 6.50x9.25 
-Phù hợp gđ đông người ở thoại mái ⭐️
-Dân cư An Ninh Thoáng Mát 🌲
-Gia Chủ còn thương lượng nhẹ.
Liên hệ☎️za lo ***
Hoạc số 033…..582.5383 
✨",https://cdn.chotot.com/Kyk5qrWGvTRUxFev9RIDVoiC8QugAYSHK4I-OAQUZSQ/preset:listing/plain/7ddfe76dd34fddecbf9b8a7b2bfeb8f3-2972909889956447954.jpg,https://www.chotot.com/130860328.htm,2026-04-10T15:33:14.000Z,2026-04-10T15:34:25.980Z
chotot-130326209,chotot,NHÀ HẺM XE HƠI AN DƯƠNG VƯƠNG,Townhouse,SALE,4850000000,"4,85 tỷ",VND,64,75781250,"Đường An Dương Vương, Quận Bình Tân, Tp Hồ Chí Minh",Tp Hồ Chí Minh,Quận Bình Tân,10.722386,106.61971,3,,,,"NHÀ HẺM XE HƠI AN DƯƠNG VƯƠNG
- Bán gấp nhà Hẻm xe hơi An Dương Vương, P. An Lạc, Q. Bình Tân. 
- DT đất : 4 x 16, vuông vức, công nhận 60m2
- Nhà xây 1 lầu,bnội thất đẹp cơ bản, đầy đủ.
- Vị trí cực đẹp, ngay sát khu Bình Phú, hẻm đối diện ngân hàng ACB, ngay ngã 4 Võ Văn Kiệt, thuận tiện đi Q5, Q1,...
- Khu an ninh, dân trí, rất tiện gia đình ở.
- Sổ hồng công chứng ngay.
- Khánh Linh Land. MTG,MG",https://cdn.chotot.com/mciRcAymygPLySenLNGqFw46RB3HA_sEZfQLyw7Z88g/preset:listing/plain/24dd31ff30d695496b856c81d672c4c7-2967252578160854312.jpg,https://www.chotot.com/130326209.htm,2026-04-10T15:32:08.000Z,2026-04-10T15:34:25.980Z
chotot-131750279,chotot,"bán nhà lầu phường hoá an, hoàn công",Villa,SALE,3750000000,"3,75 tỷ",VND,72,52083333,"Đường Nguyễn Thị Tồn, Thành phố Biên Hòa, Đồng Nai",Đồng Nai,Thành phố Biên Hòa,10.9318695,106.80958,3,2,2,4,"Dự án: 
Thông tin chi tiết: 💰 CÒN 1 CĂN - HOÀN CÔNG , MỚI 100% 

❌ CHỦ GỬI BÁN NHÀ 1TRỆT 1LẦU HOÀN CÔNG - KDC P. HÓA AN ( P. BIÊN HÒA MỚI ) 
__________________________________
✅ DT : 4m x 18m (72m2) 👉 SÀN : 137m2
📕 Sổ riêng, full thổ cư 100% ( HOÀN CÔNG )
🚘 Đường oto 7 chổ thông bàn cờ 
🏠 Nhà thiết kế : 4 P.ngủ ( 1 P. Ngủ dưới ), bếp , 2WC, P.khách + sân đậu xe hơi trong nhà ,.. 
♥️ KDC Văn minh, gần chợ Nguyễn thị tồn , trường học các cấp 
__________________________________
💰 GIÁ : 3 TỶ 750 TRIỆU ( BỚT LỘC )

☎️ ALO EM :",https://cdn.chotot.com/5upeW2MjuXDt1YuFRkZ71zggQeNAEPBcYUjCuE-GCzo/preset:listing/plain/057b1e9cb4b26e9b6b4e26dd031be910-2979356858740138534.jpg,https://www.chotot.com/131750279.htm,2026-04-10T15:31:51.000Z,2026-04-10T15:34:25.980Z
chotot-131750278,chotot,CHÍNH CHỦ BÁN NHÀ NGAY SÁT HỒ ĐỀN LỪ 34M-5 TẦNG - F0 CHƯA QUA ĐẦU TƯ,Townhouse,SALE,7280000000,"7,28 tỷ",VND,31,234838710,"Đường Hoàng Mai, Quận Hoàng Mai, Hà Nội",Hà Nội,Quận Hoàng Mai,20.983633,105.86334,3,3,5,3.5,"Ngay Gần Chung Cư Feliz Home - Đền Lừ-  Cách Ô Tô Tránh 20m-  Hàng F0 Chưa Qua Đầu Tư

✅ 𝟑𝟒𝐦-𝟓 𝐓𝐚̂̀𝐧𝐠 -𝐌𝐚̣̆𝐭 𝐓𝐢𝐞̂̀𝐧 𝟑,𝟓𝐦  

✅ Giá 7,3 Tỷ ( Có Đàm Phán )

Thiết Kế 3 Ngủ Đủ Công Năng

Nhà Dân Xây Nguyên Bản

⛔️ Gần Các Phố : Trương Định , Nguyễn An Ninh , Bạch Mai , Minh Khai ,Kim Đồng…

📕Sổ Đỏ Nở Hậu",https://cdn.chotot.com/dH1au-qWBUQy5FVOLV_IWZlxcmiHYDFHecUyJ2T78fs/preset:listing/plain/0a766be439a6f53e54175c0f540e15f5-2979355839789290923.jpg,https://www.chotot.com/131750278.htm,2026-04-10T15:31:50.000Z,2026-04-10T15:34:25.980Z
chotot-131750277,chotot,NHÀ GẤP BÁN CHÍNH CHỦ GIÁ RẺ Q3,Townhouse,SALE,3900000000,"3,9 tỷ",VND,33,118181818,"Đường Cách Mạng Tháng Tám, Quận 3, Tp Hồ Chí Minh",Tp Hồ Chí Minh,Quận 3,10.776673,106.68382,2,2,2,3,"nhà chính chủ cần bán giá rẻ ngay quận 3 
nhà mới Ken  chỉ  việc vali vào ở không cần chỉnh sửa gì 
kết cấu hai tầng hoàn công đầy đủ. không quy hoạch không lộ giới 
gồm một phòng khách rộng rãi 
 hai phòng ngủ hai vệ sinh ban công thoáng mát ngay trung tâm sát bên quận 10 quận 1 .
gần chợ gần các trường học 
giao thông đi đâu cũng tiện 
Hh Môi giới 50 triệu nhận đủ",https://cdn.chotot.com/yn0tPk1jj4_UK19_f0gjxakWW04ipvvlGeSMbz-XvNc/preset:listing/plain/cc0dcb9c3fa4b088b64c8766850ff104-2979356512940024358.jpg,https://www.chotot.com/131750277.htm,2026-04-10T15:31:46.000Z,2026-04-10T15:34:25.980Z
chotot-127298653,chotot,BÁN NHÀ ĐẸP KIM GIANG - ĐẠI KIM  - 35M*5T- NGÕ NÔNG - GẦN Ô TÔ - CHỈ,Townhouse,SALE,8600000000,"8,6 tỷ",VND,35,245714286,"Kim Giang, Quận Hoàng Mai, Hà Nội",Hà Nội,Quận Hoàng Mai,20.973969,105.82169,3,,45,,"BÁN NHÀ ĐẸP KIM GIANG - ĐẠI KIM - 35M*5T- NGÕ NÔNG - GẦN Ô TÔ - CHỈ 8,6 TỶ

Mô tả: 
- Vị trí nhà đẹp, ngõ thông, cực gần ô tô, sát khu đô thị Đại Kim, hướng nhiều tiện ích, gần nhiều các trường PT các cấp, trường quốc tế, trường  ĐH Thăng Long,...

Thiết kế:
- Diện tích: 35m², mặt tiền ~4m
- Kết cấu: 5 tầng kiên cố, thiết kế hiện đại
- Tầng 1: Phòng khách + bếp
- Tầng 2,3,4: Mỗi tầng 1 phòng ngủ rộng
- Tầng 5: Phòng thờ + sân phơi
- Nhà đẹp, nội thất cơ bản, về ở ngay
- Ngõ thông thoáng, ba gác tránh, cách ô tô chỉ vài chục mét, ở thuận tiện.

- Sổ đỏ chính chủ – pháp lý chuẩn – sang tên nhanh
Xin Lh: Em Hạnh Vân xem nhà trực tiếp
Giá: 8,6 tỷ ( có thương lượng )",https://cdn.chotot.com/TzasI6STPDZSJfoE60VJzxFT5WinlIIQIhmstUBPUTc/preset:listing/plain/24c80aa196525b65af66f713076c3c88-2965585790626965905.jpg,https://www.chotot.com/127298653.htm,2026-04-10T15:31:03.000Z,2026-04-10T15:34:25.981Z
chotot-131728082,chotot,"4 x 12m, BÁN NHÀ 4 TẦNG, HẺM 7M🚗, QUANG TRUNG, P14 GÒ VẤP, 7 TỶ",Townhouse,SALE,7200000000,"7,2 tỷ",VND,48,150000000,"Đường Quang Trung, Quận Gò Vấp, Tp Hồ Chí Minh",Tp Hồ Chí Minh,Quận Gò Vấp,10.844881,106.63925,3,5,4,4,"🏡 NGON NÈ - NHÀ ĐẸP 4 TẦNG BTCT - KHU CAO TẦNG- HẺM XE TẢI 1 TRỤC 1 SẸC 🚗  ~48m2 - SHR  - NGAY EMART PHAN HUY ÍCH - P.AHT (P14 Gò Vấp cũ)- 7Ti29 có TL🥇 

🎯 Vị trí: Quang Trung - Phan Huy Ích - P14 Gò Vấp cũ- HCM
- Diện tích: 4 x 12m, sổ đẹp vuông vức A4
- Kết cấu: trệt 1 lửng 2 lầu sân thượng trước, 3 phòng ngủ, bếp khách, 2 giếng trời ngập tràn sinh khí thông thoáng, phòng thờ, tặng toàn bộ nội thất sang xịn mịn, dọn vào ngay✨
- Sổ hồng riêng, hoàn công đủ, sang tên nhanh
- Vị trí cực đẹp, hẻm tải 1 trục, sát mặt tiền trường An Hội, Phạm Văn Chiêu, kế bên Chợ Hạnh Thông Tây, Emart Phan Huy Ích, Quang Trung, Công viên Làng Hoa Gò Vấp, Thống Nhất, Phan Văn Trị, Sân bay

💰 Giá thân thương 7.2 tỷ còn TL
📞☎️ Call/ Zalo: e Thu Vân xem nhà",https://cdn.chotot.com/WrHx4-mb_R_LRbrddFEs_NmivnWAXown-P-dq8Ngcjw/preset:listing/plain/166e780ca6cc51952955e138ae3ce74b-2979196849180598822.jpg,https://www.chotot.com/131728082.htm,2026-04-10T15:31:03.000Z,2026-04-10T15:34:25.981Z
chotot-131652596,chotot,"QUÁ NGON CHO MỘT SIÊU PHẨM, GIÁP SÁT QUẬN 10, NGANG 3M CHỈ HƠN 4TY",Townhouse,SALE,4300000000,"4,3 tỷ",VND,26,165384615,"Đường Lạc Long Quân, Quận Tân Bình, Tp Hồ Chí Minh",Tp Hồ Chí Minh,Quận Tân Bình,10.782952,106.65197,2,2,2,3,"QUÁ NGON CHO MỘT SIÊU PHẨM, GIÁP SÁT QUẬN 10, NGANG 3M HƠN NHỈNH CHỈ 4TY
Đường trước nhà 3M, cách hẻm xe hơi tầm 100m hơn. Khu dân cư an ninh, yên tĩnh.

Nhà nở hậu tài lộc, Pháp lý chuẩn,  công chứng ngay.",https://cdn.chotot.com/rgn16_rSITPMgyVS4NJM3HkZkgfRMhFM8xR3jHCd4K4/preset:listing/plain/8dd21a361778f9e9e112c83622afe82a-2978708107023592440.jpg,https://www.chotot.com/131652596.htm,2026-04-10T15:30:53.000Z,2026-04-10T15:34:25.981Z
chotot-131019790,chotot,"Quá rẻ chỉ ""73tr/m2"" - Bán đất tặng nhà C4 75m2 - Nguyễn Văn Đậu",Townhouse,SALE,4670000000,"4,67 tỷ",VND,75,62266667,"Đường Nguyễn Văn Đậu, Quận Bình Thạnh, Tp Hồ Chí Minh",Tp Hồ Chí Minh,Quận Bình Thạnh,10.814855,106.69444,2,1,1,3.5999,"Dự án: 
Thông tin chi tiết: Vị trí Nguyễn Văn Đậu P.11 Bình Thạnh
+ Diện tích: ~4m x 21m
+ Hiện trạng: C4 
+ Nhà còn ở được. Xác định bán đất
+ Hẻm sạch sẽ. 20m ra mặt tiền
Miễn tiếp môi giới",https://cdn.chotot.com/T4M_SkrdCUvAxFnVQ3RW9Y6tV81VDeIzjEjwIagORbA/preset:listing/plain/783f185b5e33bddb2eb845dd394c76f6-2974112137741699622.jpg,https://www.chotot.com/131019790.htm,2026-04-10T15:28:32.000Z,2026-04-10T15:34:25.981Z
chotot-131750235,chotot,bán căn nhà khu tái định cư đẹp cách bến xe phía nam vài trăm mét,House,SALE,2200000000,"2,2 tỷ",VND,128,17187500,"Cư Thạnh, Huyện Diên Khánh, Khánh Hòa",Khánh Hòa,Huyện Diên Khánh,12.215779,109.08693,2,1,,8,"Dự án: 
Thông tin chi tiết: Nhà khu tái định cư cách bến xe phía nam nha trang chỉ vào trăm mét
Diện tích ngang 8m, dài 16m
Đường rộng 8 mét xe trọng tải lớn 15 tấn, xe khách, xe ben ra vào bỏ hàng chở vật liệu xây dựng đi rộng rãi.
Phù hợp để ở hay đầu tư. Trong tương lai vào ba năm nữa cơ sở hạ tầng xây dựng nhiều các dự án đã được chính phủ phê duyệt. 
Gần đường quốc lộ 1A rất tiện lợi và cũng rất yên tĩnh
Nhà hướng Nam được đánh giá là hướng *** tại Việt Nam, mang lại sự mát mẻ vào mùa hè nhờ gió Đông Nam và ấm áp vào mùa đông nhờ tránh gió Đông Bắc. Về phong thủy, hướng Nam đại diện cho năng lượng dương, hành Hỏa, giúp gia chủ thu hút tài lộc, may mắn và phát triển công danh.
Nhà đã có sổ Full thổ chính chủ 100%
Sđt làm việc trực tiếp ***",https://cdn.chotot.com/EDTfnO3wr7gVB-vs7OoTt7_q_-O6oqQfka17AQ9wUko/preset:listing/plain/5154942543bcb0498f563c0fc544dc95-2979355224700586613.jpg,https://www.chotot.com/131750235.htm,2026-04-10T15:28:19.000Z,2026-04-10T15:34:25.981Z
chotot-131695819,chotot,Nhà sổ hồng riêng KDC đường Phan Văn Hớn - Giá siêu rẻ.,Townhouse,SALE,3100000000,"3,1 tỷ",VND,74.4,41666667,"Đường Phan Văn Hớn, Quận 12, Tp Hồ Chí Minh",Tp Hồ Chí Minh,Quận 12,10.827228,106.625175,1,1,1,4.3499,"GIÁ: 3,8 TỶ => GIẢM CÒN: 3,1 TỶ (BÁN GẤP) => RẺ HƠN LÔ ĐẤT.
NHÀ CẤP 4 SỔ HỒNG RIÊNG => TIỆN XÂY MỚI HOẶC SỬA LẠI Ở .
- DT: 4,35m × 17m. CN: 74,4m².
- ĐC: 31/8 Phan Văn Hớn, P. Tân Thới Nhất, Q.12. 
- Gồm  1phòng khách, 1 bếp, 1 phòng ngủ, 1WC. 
Sổ Hồng riêng
- Chi tiết nhà: Quẹo vào hẻm 50 Phan Văn Hớn đi thẳng 40m tới nhà.
- Cách đường Trường Chinh 100m.
KHÁCH NHANH CÒN KỊP.",https://cdn.chotot.com/EDXCy6NKBPsb-8lZIOWafuIBIGkgrpWc7CashPdCRec/preset:listing/plain/876a1bca399d72a3a24d114664a82803-2978999317293720102.jpg,https://www.chotot.com/131695819.htm,2026-04-10T15:27:26.000Z,2026-04-10T15:34:25.981Z
chotot-130617853,chotot,"🔥🔥NHÀ FULL NỘI THẤT-3,65TỶ-25m2-2LẦU BTCT-PHẠM VĂN CHIÊU GV",Townhouse,SALE,3650000000,"3,65 tỷ",VND,25,146000000,"Đường Phạm Văn Chiêu, Quận Gò Vấp, Tp Hồ Chí Minh",Tp Hồ Chí Minh,Quận Gò Vấp,10.848225,106.648125,2,2,2,4,"🔥🔥NHÀ FULL NỘI THẤT-3,65TỶ-25m2-2LẦU BTCT-PHẠM VĂN CHIÊU GV
➕ Kết cấu: 01 Trệt, 1 lầu, 2 phòng ngủ, 2 WC,BTCT
➕Tặng toàn bộ nội thất đẹp
🚘Hẻm 3m cách 200m ra HXH,Cách MT Phạm Văn Chiêu 200m
➕Sổ Hồng chính chủ 
➕Giá chủ bán :3,65tỷ (TL)
☎️LH:Sơn.***",https://cdn.chotot.com/0m4bduCf3lIOvZ2nk8mRuLYvKSzcgvHVyaFNWB1lNdQ/preset:listing/plain/25c879e6fb6d6b8d7269589453bdb6ab-2969570588503514735.jpg,https://www.chotot.com/130617853.htm,2026-04-10T15:27:01.000Z,2026-04-10T15:34:25.981Z
chotot-131750221,chotot,"nhà 2 tầng, mặt tiền kinh doanh, thổ cư 90m2, 5,7 tỷ. Đ NGUYỄN VĂN HOA",House,SALE,5700000000,"5,7 tỷ",VND,90,63333333,"Đường Nguyễn Văn Hoa, Thành phố Biên Hòa, Đồng Nai",Đồng Nai,Thành phố Biên Hòa,10.952894,106.84035,3,2,2,,"BÁN NHÀ MẶT TIỀN đường NGUYỄN VĂN HOA –  TRUNG TÂM BIÊN HÒA 🌿 cách bv ito 1,5km, cạnh khu sầm uất nhất BIÊN HOÀ ( khu D2D, đường VÕ THỊ SÁU)
🏡 thuộc phường Trấn Biên (Thống Nhất cũ)
	•	Diện tích: 90m2 sổ thổ cư 100%
	•	Kết cấu: 1 trệt 1 lầu.
	•	Công năng: 3 phòng ngủ, 2 WC.
	•	Không gian bố trí hợp lý, tối ưu cho gia đình sinh hoạt thoải mái. thiết kế có sàn sân thượng, kiên cố có thể xây thêm.
-Gần các tiện ích như chợ, trường học, siêu thị… phục vụ đầy đủ nhu cầu hằng ngày.
- giá chỉ 5,7 tỷ, cam kết giá tương đối so với thị trường. khách mua sử dụng và có thể tăng giá tốt.
lh Lợi nhà lẻ. *** để xem nhà.",https://cdn.chotot.com/O-fQKjUXsQrkXUBGLAnvxPHLTHLVR9dCMpOiDfBDtnA/preset:listing/plain/a58065a8bd7d69cc9a3c8f9cd160fe8e-2979355862528778790.jpg,https://www.chotot.com/131750221.htm,2026-04-10T15:26:50.000Z,2026-04-10T15:34:25.981Z
chotot-131648738,chotot,HIẾM BÌNH TÂN - KO LỘ GIỚI KO QUY HOẠCH - 25M2 - SỔ RIÊNG HỖ TRỢ VAY,Townhouse,SALE,2300000000,"2,3 tỷ",VND,25,92000000,"Đường Hương Lộ 2, Quận Bình Tân, Tp Hồ Chí Minh",Tp Hồ Chí Minh,Quận Bình Tân,10.770323,106.59671,1,2,1,4.3,"HỖ TRỢ VAY NGÂN HÀNG 1 TỶ , QUỸ NHÀ THÀNH PHỐ. 

NHÀ NGON Q.BÌNH TÂN TÌM CHỦ NHÂN - KO LỘ GIỚI KO QUY HOẠCH - ĐƯỢC PHÉP XÂY 1 TRỆT + 2 TẦNG. GIÁ 2 TỶ 3 BỚT LỘC. 

GẦN BỆNH VIỆN - TRƯỜNG - CHỢ - vài bước ra hẻm xe tải đua. 
Đặc điểm Chi tiết
- Diện tích : 4.3m x  6.1m (Công nhận đủ 25m2)
- Kết cấu Nhà cấp 4 có gác lửng rộng rãi có thể nới 2 phòng.  (Phù hợp ở ngay hoặc xây mới 1 trệt + 2 tầng.)
- Vị trí Gần Co.opmart Hương Lộ 2 & BV Bình Tân
- Pháp lý Sổ hồng riêng, không lộ giới, không quy hoạch
- Hướng Đông tứ trạch",https://cdn.chotot.com/nR5u99T4v_2ilyHVhJ0wo-V98JR0t2XaVtg6ueUA_v0/preset:listing/plain/19dc130d94eca38d71e1b5a3e982fe5e-2978693382354995829.jpg,https://www.chotot.com/131648738.htm,2026-04-10T15:26:36.000Z,2026-04-10T15:34:25.981Z
chotot-131281583,chotot,"Nhà 4 tầng mới xây ngay Khu đô thị Vạn Phúc, đường xe ô tô né nhau.",House,SALE,8400000000,"8,4 tỷ",VND,52,161538462,"Đường Quốc lộ 13, Thành phố Thủ Đức, Tp Hồ Chí Minh",Tp Hồ Chí Minh,Thành phố Thủ Đức,10.835623,106.71386,4,4,,,"Vị trí: Gần Khu dân cư Vạn Phúc, khu vực an ninh, dân trí cao, môi trường sống văn minh

Kết cấu: Nhà 1 trệt, 3 lầu, xây dựng kiên cố

Công năng: Phòng khách rộng, bếp hiện đại, nhiều phòng ngủ, phòng thờ, sân thượng thoáng mát

Thiết kế: Hiện đại, tối ưu không gian, phù hợp gia đình ở lâu dài và có khả năng sinh lời.
* Sổ hồng riêng, hoàn công đầy đủ.",https://cdn.chotot.com/AWCwNKDQhQwSI0_Zldae11nz9HMwJ81QjppPi72xb6A/preset:listing/plain/3746086bc870b9c04fc38dc402699cc4-2975990588600343119.jpg,https://www.chotot.com/131281583.htm,2026-04-10T15:26:11.000Z,2026-04-10T15:34:25.981Z
chotot-131686895,chotot,NHÀ HXH PHẠM VĂN CHIÊU - P.AHT ( P.14) - 63M2 - NGANG 4.5 - 6.99TỶ TL,Townhouse,SALE,6990000000,"6,99 tỷ",VND,63,110952381,"Đường Phạm Văn Chiêu, Quận Gò Vấp, Tp Hồ Chí Minh",Tp Hồ Chí Minh,Quận Gò Vấp,10.848225,106.648125,5,6,4,4.5,"Dự án: 
Thông tin chi tiết: NHÀ HXH PHẠM VĂN CHIÊU - P.AHT ( P.14) - 63M2 - NGANG 4.5 - 6.99TỶ TL
- DT: 4.5x14 sổ vuông vức
- Kết cấu: Nhà 1 trệt, 1 lửng, 2 lầu gồm 5PN, 6WC sân thượng trước sau, 
- Hẻm ô tô đậu cửa, đường trước nhà sạch sẽ, an ninh
- Mua ở hoặc đầu tư cho thuê
- Pháp lí chuẩn
Lh: *** Ms Thúy dẫn xem nhà
@uli.ig.nC
 HXH PHẠM VĂN CHIÊU - P.AHT ( P.14) - 63M2 - NGANG 4.5 - 6.99TỶ TL
- DT: 4.5x14 sổ vuông vức
- Kết cấu: Nhà 1 trệt, 1 lửng, 2 lầu gồm 5PN, 6WC sân thượng trước sau, 
- Hẻm ô tô đậu cửa, đường trước nhà sạch sẽ, an ninh
- Mua ở hoặc đầu tư cho thuê
- Pháp lí chuẩn
Lh: *** Ms Thúy dẫn xem nhà
@uli.ig.nC",https://cdn.chotot.com/LEEchRb0KvsirMTdg9nQEI1CcEnadILuei2PnNJ8IWQ/preset:listing/plain/188caf4d8d9adea91f14fe42d3d57792-2978914033410738805.jpg,https://www.chotot.com/131686895.htm,2026-04-10T15:25:41.000Z,2026-04-10T15:34:25.981Z
chotot-131600455,chotot,5 TỶ 7 - NHÀ NGỘP BANK - ĐƯỜNG SỐ LINH XUÂN - 4PN 180M2 - HẺM XE TẢI,Townhouse,SALE,5700000000,"5,7 tỷ",VND,180,31666667,"Đường số 10, Thành phố Thủ Đức, Tp Hồ Chí Minh",Tp Hồ Chí Minh,Thành phố Thủ Đức,10.876122,106.77531,4,,1,11,"Chủ nhà nợ ngân hàng bán gấp nhà đường số 10 Linh Xuân Thủ Đức 4PN 180m2 ngang khủng 11m
Mô tả: 
+ Nhà lớn diện tích rộng ngang khủng 11m x dài 16.6m = 180m2 
+ Thiết kế: 4PN, 3WC, bếp, phòng khách, nhà thoáng mát, đầy đủ công năng, nhà ở được 6 - 8 người. Phù hợp cho gia đình ở đông người. 
+ Hàng xóm thân thiện, chủ hiền lành thiện chí bán.  
+ Nhà cấp 4, tiện xây mới ở và cho thuê. 
+ Giao thông: tiện về quốc lộ 1k, quốc lộ 1A, Phạm Văn Đồng, Dĩ An, Đại học Luật Kinh Tế, Làng Đại Học. 
+ Xung quanh nhiều tiện ích: Big C, siêu thị, Chợ Linh Xuân, Chợ Xuân Hiệp, Nhà Thờ, Bách Hóa Xanh, Bệnh viện, Trường Học. 
Liên hệ Em Như chuyên nhà đất Linh Xuân Dĩ An xem nhà ngay, giáp chủ thương lượng.",https://cdn.chotot.com/PNdCM-j6JBJJX4gn2chRewnCGqm_6_WtcIopsYVsa3k/preset:listing/plain/79ba15f5a9d13fd4757e71fd8c3c2c30-2978288031483096671.jpg,https://www.chotot.com/131600455.htm,2026-04-10T15:25:36.000Z,2026-04-10T15:34:25.981Z
chotot-131357673,chotot,bán nhà,House,SALE,9000000000,9 tỷ,VND,50.2,179282869,"Đường Song hành Quốc Lộ 22, Quận 12, Tp Hồ Chí Minh",Tp Hồ Chí Minh,Quận 12,10.82575,106.62788,4,4,4,,"Dự án: 
Thông tin chi tiết: Nhà đã hoàn công, hỗ trợ vay banks! Có thương lượng!",https://cdn.chotot.com/i7eNxKwscDgfz2k9H0Oizxm3PcPXN2SqiojPSxFvTW4/preset:listing/plain/0e0375676bebd5a5cdf81632f48e85b1-2976563428475782688.jpg,https://www.chotot.com/131357673.htm,2026-04-10T15:25:05.000Z,2026-04-10T15:34:25.981Z
chotot-131396145,chotot,nhà sổ hồng 2 lầu 4pn gần Phú Mỹ Hưng quận 7 giá 2.2 tỷ,Townhouse,SALE,2200000000,"2,2 tỷ",VND,24,91666667,"Đường Huỳnh Tấn Phát, Huyện Nhà Bè, Tp Hồ Chí Minh",Tp Hồ Chí Minh,Huyện Nhà Bè,10.69437,106.74116,4,,,3,"bán nhà sổ hồng gần Phú Mỹ Hưng quận 7
dt 3x8m 2 lầu 4pn
giá 2.2 tỷ thương lượng",https://cdn.chotot.com/Frfj4jyRva9tnneAM0R0GO-4HlxtRdCZQBGcsOHwjl8/preset:listing/plain/14b7f94ec7d0f6aeb2bec4569d9793fe-2976839137923065297.jpg,https://www.chotot.com/131396145.htm,2026-04-10T15:24:10.000Z,2026-04-10T15:34:25.981Z
chotot-131306490,chotot,"4,1 tỷ - Nhà C4 - 51,7m2 - Đường Số 10 HBP Đường Oto Rộng - Giá Tốt",Townhouse,SALE,4100000000,"4,1 tỷ",VND,51.7,79303675,"Đường số 10, Thành phố Thủ Đức, Tp Hồ Chí Minh",Tp Hồ Chí Minh,Thành phố Thủ Đức,10.842886,106.709915,2,1,1,4.0998,"4,1 tỷ - Nhà C4 - 51,7m2 - Đường Số 10 HBP Đường Oto Rộng - Giá Tốt 
Bán Nhà Cấp 4 gần ngã tư Bình Phước 
  - Ngay Quốc Lộ 13
  - Sát Chợ Đầu Mối Thủ Đức 
  - Đường Oto tránh nhau
  - Khu dân cư an ninh
  - Kết cấu : 2PN - 1WC
- Diện tích : 51.7 m2 ( 4.1m x 12.6m )
Phù hợp mua ở hoặc đầu tư giữ đất.
💰 Giá: 4.1 tỷ - Bớt lộc 
☎️Hotline_Zalo: *** (gặp em Quân) làm việc trực tiếp chủ!  
🏡Hỗ trợ miễn phí Kiểm Tra Quy Hoạch Xây Dựng - Đăng Bộ Sang Tên Khi Mua Bán",https://cdn.chotot.com/PmzbO7uX3HQEa5log8ExLgeVvM2BrTtCmfuJ7iWDk_0/preset:listing/plain/0eaf3f3d32efd81b1040aae9958cb93a-2976227255750324414.jpg,https://www.chotot.com/131306490.htm,2026-04-10T15:24:05.000Z,2026-04-10T15:34:25.981Z
chotot-131630192,chotot,Bán 890 Triệu Nhà Lầu + 5 Phòng Trọ Phía sau Sổ Hồng Riêng Ngay Chợ BC,House,SALE,890000000,890 triệu,VND,60,14833333,"Đường Hưng Nhơn, Huyện Bình Chánh, Tp Hồ Chí Minh",Tp Hồ Chí Minh,Huyện Bình Chánh,10.714177,106.59122,3,3,1,5,"Dự án: 
Thông tin chi tiết: Kẹt Nên Cần Bán Gấp Bao Sang Tên Giá 890 Triệu
Nhà lầu 3 Phòng + 5 Phòng Trọ phía sau cho thuê 18 Triệu Tháng
Diện tích : 6 xxx 30 
• Hiện trạng: 1 trệt, 1 lửng, 1 lầu, gồm:
+ Nhà ở phía trước dt: 5m x 12m - trệt lửng 1 lầu 3 phòng ngủ 
+ Phía sau có 5 phòng trọ có Gác
- Có dòng tiền thu nhập 18tr tháng
Xem Nhà Xem Sổ Gọi Trực Tiếp Tránh Mất Thời Gian",https://cdn.chotot.com/xypwCuOmPJK-xZ5wIqgGdyLaNMscz_7IWPAIH8JGWOk/preset:listing/plain/738a53a9cff233280a752e2a3f786b90-2978479102484777589.jpg,https://www.chotot.com/131630192.htm,2026-04-10T15:23:45.000Z,2026-04-10T15:34:27.366Z
chotot-130563594,chotot,Nhà Đẹp Q4 TPHCM,Townhouse,SALE,4500000000,"4,5 tỷ",VND,17.5,257142857,"Đường Số 20, Quận 4, Tp Hồ Chí Minh",Tp Hồ Chí Minh,Quận 4,10.755342,106.70354,2,3,5,2.5,"Nhà chính chủ đường số p4 q4
/-flag DT 17,5m2 ngang 2,5m Dài 7m
- Trệt Lửng 2 Lầu sân thượng
+ Nhà hoàn công đủ BTCT
Hẻm trước nhà 6m xe 🚗 đỗ sát nhà
Sổ đang vay bank 2 tỷ 
Giá 4,5 tỷ Tl chính chủ 
 ☎️ *** Lê Bằng 
Chuyên Mua Bán Ký Gửi Nhà Đất",https://cdn.chotot.com/mhi9aDYoc4xTb9PPToR1sJVBQYwOM2YRPzkDuH3y_ks/preset:listing/plain/5435aaba276e30f9abd12411595a795f-2969125222153191459.jpg,https://www.chotot.com/130563594.htm,2026-04-10T15:23:45.000Z,2026-04-10T15:34:27.366Z
chotot-131614880,chotot,Cần bán gấp nhà 3 tầng - Ngay KDT Vạn Phúc - Ql13 Hiệp Bình Phước,Townhouse,SALE,10600000000,"10,6 tỷ",VND,80.0998,132334912,"Đường Quốc lộ 13, Thành phố Thủ Đức, Tp Hồ Chí Minh",Tp Hồ Chí Minh,Thành phố Thủ Đức,10.835623,106.71386,5,5,3,4.5,"CHỦ GIẢM THÊM 300 TRIỆU CẦN BÁN GẤP Ạ!
* Với vị trí chỉ cách Quốc Lộ 13 chừng 200 thuận tiện di chuyển về Sân Bay & TTTP, cách KĐT Vạn Phúc 20m, gần trường học Nguyễn Khuyến, xung quanh đầy đủ tiện ích.
- Nhà gần sông Sài Gòn mát mẻ.
- Dãy nhà đồng bộ, xe hơi 7 chỗ ra vào, ăn ninh, yên tĩnh.
- Chủ để lại toàn bộ nội thất.
- Diện tích: 4,5m x 17,82m full thổ( chiều ngang lý tưởng nhà rộng thoáng).
- Xây dựng: 1 trệt 2 lầu sân thượng, sân xe hơi 7c, p khách, p bếp, sân sau, 4 p ngủ, 5wc, p thờ.
- Giá mới: 10.6 tỷ còn TL.
- Liên hệ: PTN Hợp Phát.",https://cdn.chotot.com/xUpKex9wBlk7pPpjfPJH4tVvbuvHJ2uYrFo7LC4Gcbs/preset:listing/plain/7c565cfbf10b53626ae531e1d5899d35-2978415555546404567.jpg,https://www.chotot.com/131614880.htm,2026-04-10T15:23:35.000Z,2026-04-10T15:34:27.366Z
chotot-131609230,chotot,NHÀ ĐẸP HXH NGAY EMARK - PHAN HUY ÍCH GIÁP TÂN BÌNH - 4X13,Townhouse,SALE,4900000000,"4,9 tỷ",VND,52,94230769,"Đường Phan Huy Ích, Quận Gò Vấp, Tp Hồ Chí Minh",Tp Hồ Chí Minh,Quận Gò Vấp,10.837349,106.636284,2,3,,,"NHÀ ĐẸP HXH PHAN HUY ÍCH - NGAY EMART - 4x13M
​Vị trí: Ngay siêu thị Emart, giáp Tân Bình. Hẻm xe hơi thông, khu an ninh sạch sẽ.
​Diện tích: 4m x 13m (chuẩn đẹp, vuông vức).
​Kết cấu: Nhà đẹp, kiên cố, vào ở ngay. Tiện ích vây quanh không thiếu thứ gì.
​Giá: 4,9 tỷ (Thương lượng chính chủ).
​Pháp lý: Sổ hồng riêng, sang tên ngay.",https://cdn.chotot.com/BwkUTeDNJbwNqhbze65u3XmFeT5wp-uLU7PQmwHgKD8/preset:listing/plain/9005c654c0d5218e961fcebfca688f59-2978343128233039575.jpg,https://www.chotot.com/131609230.htm,2026-04-10T15:23:25.000Z,2026-04-10T15:34:27.366Z
chotot-131337029,chotot,HIẾM! 4.95 TỶ SỞ HỮU NHÀ 3PN GÒ VẤP – 4X14m HIẾM TRONG TẦM GIÁ,Townhouse,SALE,4950000000,"4,95 tỷ",VND,56,88392857,"Đường Thống Nhất, Quận Gò Vấp, Tp Hồ Chí Minh",Tp Hồ Chí Minh,Quận Gò Vấp,10.842343,106.664734,3,,,4,"Dự án: 
Thông tin chi tiết: 👉 Vị trí: Hẻm Thống Nhất, P16, Gò Vấp – khu dân cư ổn định, tiện di chuyển
	•	Diện tích: 4m x 14m (CN 56m²)
	•	Kết cấu: 1 trệt 1 lầu
	•	Công năng: 3 phòng ngủ, phòng khách, bếp – phù hợp gia đình ở lâu dài
	•	Nhà còn đẹp – dọn vào ở ngay, không cần sửa

💰 Giá: 4 tỷ 950 (còn bớt lộc)

⚡ Lý do nên mua:
	•	Tầm tiền dưới 5 tỷ mà có 3PN + diện tích chuẩn là rất hiếm
	•	Tránh mất thêm 200–300tr sửa nhà như mấy căn giá rẻ khác
	•	Khu ở yên tĩnh, phù hợp an cư lâu dài

📞 Liên hệ *** Trần Hà",https://cdn.chotot.com/9FhkmWUFvAoJEZG4QsG-_aYfohSa_OXFmQx9MDd6zzk/preset:listing/plain/47cb015535ea51fa50d16c6d700c6f81-2976412357684741664.jpg,https://www.chotot.com/131337029.htm,2026-04-10T15:23:15.000Z,2026-04-10T15:34:27.366Z
chotot-130262139,chotot,"NHÀ RẺ ĐẸP ĐƯỜNG HT 17, P. TÂN THỚI HIỆP ĐÚC MỘT TRỆT, MỘT LẦU",Townhouse,SALE,1450000000,"1,45 tỷ",VND,33,43939394,"HT 17, Quận 12, Tp Hồ Chí Minh",Tp Hồ Chí Minh,Quận 12,10.860367,106.64387,2,,,5.5,"Bán gấp nhà đẹp rẻ tại phường Tân Thới Hiệp( Hiệp Thành, Quận 12 cũ):
Diện tích: 5,5X6  mét đúc một trệt, một lầu, nhà mới, nội thất sang trọng, vào ở ngay có : 2 PN, 2 WC, bancon.
Vị trí: Nhà gần Bến xe Buýt Hiệp Thành, Gần công viên phần mềm Quang trung, Giáp Quận Gò Vấp cũ, thuận tiện đi về Tân Bình, Tân Phú…
Giá 1 tỷ 450 triệu. Thương lượng chủ nhà
( Căn 2: DT 3,2x9 mét, đúc một trệt, hai lầu có 3 Pn, 3 Wc, sân phơi. Nhà mới, đẹp, sạch sẽ vào ở ngay. Giá 1 tỷ 790 triệu)
Nhà khu dân cư hiện hữu,  Đất thổ cư, kê khai nhà riêng, Điện nước máy riêng. Mua bán ra công chứng vi bằng
LH ***( Bên em có rất nhiều nhà đất khu vực Hóc Môn, Quận 12, Gò Vấp cũ; Ánh chị kết bạn qua zalo gửi nhà cụ thể, Cám ơn nhiều!).",https://cdn.chotot.com/TYbPEXXwF3Ug5xn3dhpcASpu4EO-CFYRtDJMhSDc5mI/preset:listing/plain/acccfd4bef0ef42e8b978d592cf0bbcf-2966746211276544017.jpg,https://www.chotot.com/130262139.htm,2026-04-10T15:23:10.000Z,2026-04-10T15:34:27.366Z
chotot-131183578,chotot,"nhà 61m2 hẻm 1/ Tô Ngọc Vân, gần chợ Tam Hà Phạm Văn Đồng hẻm oto",Townhouse,SALE,4650000000,"4,65 tỷ",VND,61,76229508,"Đường Tô Ngọc Vân, Thành phố Thủ Đức, Tp Hồ Chí Minh",Tp Hồ Chí Minh,Thành phố Thủ Đức,10.859649,106.74741,2,1,,,"Nhà cấp 4. Hẻm ô tô. Tô ngọc vân. Linh đông
Giá bán 4,65tỷ tl nhẹ
Diện tích 61m2 6,4x9,5m
Sổ hồng sạch. Sang tên ngay
Thiết kế nhà cấp 4 có 2pn
Hẻm 1/. Gần Phạm Văn Đồng
Lh",https://cdn.chotot.com/Fy4ka2S9MxkOoNNCgEr8EAp22hiqGfdBVDOacKa7W10/preset:listing/plain/19e4ad17414a68a31bf8be9b73661b3a-2975360402219934386.jpg,https://www.chotot.com/131183578.htm,2026-04-10T15:22:50.000Z,2026-04-10T15:34:27.366Z
chotot-131598555,chotot,NHÀ ĐẸP - HƠN 3TỶ - SHR - HXH - DTSD 72M2 - HẬU GIANG - 2 TẦNG - Q.6,Townhouse,SALE,3600000000,"3,6 tỷ",VND,36,100000000,"Đường Hậu Giang, Quận 6, Tp Hồ Chí Minh",Tp Hồ Chí Minh,Quận 6,10.745162,106.63355,2,,,,"NHÀ ĐẸP RẺ - HƠN 3 TỶ - SHR - HXH - DTSD 72M2 - HẬU GIANG - 2 TẦNG - TRUNG TÂM QUẬN 6 - GIÁP QUẬN 5.
- Diện tích : 3m x 12m 
- Kết cấu : 2 tầng, 2PN, 
 - Nhà nằm khu vực đường Bình Tiên, khu dân cư hiện hữu, an ninh, tiện sinh sống lâu dài  
- Kết nối nhanh các quận: Quận 5, Quận 8, Quận 11, Quận Bình Tân, Quận 10  
- Gần các tuyến đường lớn: Đường Bình Tiên, Đường Võ Văn Kiệt, Đường Phạm Văn Chí, Đường Minh Phụng, Đường Kinh Dương Vương  
- Tiện ích xung quanh: Gần Chợ Bình Tiên, Bệnh viện Quận 6, Trường Tiểu học Bình Tiên, Trường THCS Hậu Giang, Siêu thị Co.opmart Hậu Giang, Siêu thị Mega M 
LH : Ngọc Diệp chuyên săn nhà quận 6.
Căn nhà sở hữu vị trí thuận tiện, khu dân cư hiện hữu, Khu vực tiềm năng tăng giá  dễ mua bán, thanh khoản tốt.",https://cdn.chotot.com/uT0boKCv7oI31fBgEBBrdzpgHfQ5dRo0jjpr6dA2DeU/preset:listing/plain/06479ba30969b8af25277c418d16e027-2978285545492180575.jpg,https://www.chotot.com/131598555.htm,2026-04-10T15:22:39.000Z,2026-04-10T15:34:27.366Z
chotot-130861204,chotot,"Bán nhà 414/1 Tân Kỳ Tân Quý cách AEON Tân Phú 100m,hẻm 21m - 14ty",Townhouse,SALE,14000000000,14 tỷ,VND,128,109375000,"Đường Tân Kỳ Tân Quý, Quận Tân Phú, Tp Hồ Chí Minh",Tp Hồ Chí Minh,Quận Tân Phú,10.800476,106.62203,1,,1,5.5,"Bán nhà chính chủ 414/1 Tân Kỳ Tân Quý:
- 5,5mx24m, DT 128m².
- Lộ giới 21m, đường nhựa 15m, vỉa hè 3m.
- Cách AEON Tân Phú 100m.
- Chính chủ, sổ hồng riêng.
- Miễn tiếp báo - Miễn TIẾP QUẢNG CÁO
- Giá 14 tỷ.",https://cdn.chotot.com/ApscMQ7V0wLEVOta3GfSvD643CDgEEvtsEY345niVeU/preset:listing/plain/24113f692eaa3b855e7d0aaf250ad82e-2972913815424313874.jpg,https://www.chotot.com/130861204.htm,2026-04-10T15:21:21.000Z,2026-04-10T15:34:27.366Z
chotot-131750161,chotot,"Phân Lô Oto Tránh-Hoàng Quốc Việt-Cầu Giấy 102m,MT5m7,2 Mặt Ngõ,Gần Ph",Townhouse,SALE,34400000000,"34,4 tỷ",VND,102,337254902,"Đường Hoàng Quốc Việt, Quận Cầu Giấy, Hà Nội",Hà Nội,Quận Cầu Giấy,21.046318,105.804955,4,,,,"SIÊU MẪU PHÂN LÔ - HOÀNG QUỐC VIỆT - CẦU GIẤY - 2 MẶT NGÕ TRƯỚC SAU - OTO TRÁNH ĐỖ - BA BƯỚC RA PHỐ - DÂN TRÍ CAO

🏠Diện tích 102m, mặt tiền 5.7m

💵34.4 tỷ (có thương lượng)

📕Sổ đỏ chính chủ, vuông đẹp

☎️LH: Mr Thông *** (để xem nhà miễn phí)

#hoàng_quốc_việt #cầu_giấy #phân_lô #oto",https://cdn.chotot.com/B18pIHF3R92JTJnAghqWoNVW-ro6xZBJsI1mPB4hoIg/preset:listing/plain/1795a5d0efbe5611c593e41b3dfaa07f-2979355575970335349.jpg,https://www.chotot.com/131750161.htm,2026-04-10T15:21:14.000Z,2026-04-10T15:34:27.366Z
chotot-131750159,chotot,🍀 VÂN KIỀU AN CƯ 🍀SÁT MẶT TIỀN -  NGAY HÀNG XANH - 27M2,Townhouse,SALE,5980000000,"5,98 tỷ",VND,27,221481481,"Đường Bạch Đằng, Quận Bình Thạnh, Tp Hồ Chí Minh",Tp Hồ Chí Minh,Quận Bình Thạnh,10.802875,106.711395,3,3,,,"Dự án: 
Thông tin chi tiết: 🍀 VÂN KIỀU AN CƯ 🍀  

🏡 NHÀ BẠCH ĐẰNG – GIA ĐỊNH – SÁT MẶT TIỀN  

✨ 3 TẦNG – FULL NỘI THẤT – Ở NGAY KHỎI SỬA  

📐 3.6 x 8 – 3 tầng – 3PN – 3WC – Giá 5.98 tỷ  

📍 Mô tả chi tiết:  
• Vị trí: Bạch Đằng, ngay Hàng Xanh – kết nối Q1, Q2, sân bay nhanh chóng  
• Diện tích: 27m², sổ nở hậu nhẹ tài lộc  
• Kết cấu: trệt + 2 lầu BTCT, thiết kế hiện đại, tối ưu công năng  
• Công năng: 3PN, 3WC, phòng khách, bếp, ban công, giếng trời thoáng sáng  
• Nội thất: tặng full – chỉ xách vali vào ở  
• Hẻm sạch, an ninh, dân trí cao – cách mặt tiền vài bước chân  
• Phù hợp: ở gia đình, làm văn phòng, khai thác cho thuê  

💰 Giá chốt: 5.98 tỷ (thương lượng chính chủ)  

📞 Alo ngay: ***8  
#Alo_***8_VânKiềuAnCư",https://cdn.chotot.com/zz8h-SHb3_U5vow8lAblzqvTxlLWDhd0lDSRl5Lz4zI/preset:listing/plain/e4217cf51af3bec29f4e40b8113b10d5-2979355500320547366.jpg,https://www.chotot.com/131750159.htm,2026-04-10T15:21:01.000Z,2026-04-10T15:34:27.366Z
chotot-129985867,chotot,Nhà 1 lầu đường 8m Tx33 Sát bên Ub Phường Thới An,Townhouse,SALE,4700000000,"4,7 tỷ",VND,56,83928571,"Đường Thạnh Xuân 33, Quận 12, Tp Hồ Chí Minh",Tp Hồ Chí Minh,Quận 12,10.889942,106.67497,2,2,2,4,"Chủ gửi hàng thơm 
1/ TX33 Q12 Đường 8m sát Bên Ub Phường Thạnh Xuân cũ  Giờ là trung tâm Phường Thới An 
1 Trệt 1 Lầu 2 PN 3 WC
Diện tích 4x14m
 đường 8m 2 xe hơi né nhau.
Giá tốt chỉ 4,7 ty tl 
Hỗ trợ vay ngân hàng",https://cdn.chotot.com/IF_7DOZQc6Ycjr5QzJHjvurR1e9ZkfsvQqDjiEEkUIs/preset:listing/plain/d978f46955ef1365081c03e4b881233b-2972884696070518155.jpg,https://www.chotot.com/129985867.htm,2026-04-10T15:20:09.000Z,2026-04-10T15:34:27.367Z
chotot-131709204,chotot,🏡 CHÍNH CHỦ BÁN NHÀ GÒ VẤP – PHÁP LÝ RÕ RÀNG – SỔ HỒNG RIÊNG,Townhouse,SALE,5000000000,5 tỷ,VND,57,87719298,"Đường Nguyễn Kiệm, Quận Gò Vấp, Tp Hồ Chí Minh",Tp Hồ Chí Minh,Quận Gò Vấp,10.824865,106.67936,3,,,,"Chính chủ bán nhà Nguyễn Kiệm, Gò Vấp – sát Phú Nhuận – 2 lầu BTCT

Diện tích: ~56m²
Kết cấu: 1 trệt 2 lầu, nhà BTCT kiên cố
Đã hoàn công đầy đủ
Hẻm ba gác, khu dân cư yên tĩnh
Sổ hồng riêng, sang tên nhanh

📍 Vị trí đẹp: giáp Phú Nhuận, gần sân bay, đi trung tâm cực tiện

💰 Giá: 5T – còn thương lượng

📞 Liên hệ: (SĐT) – ***",https://cdn.chotot.com/oDVkHTRbvngptlTv-AfRvpwDx2pQTjP1lZ9-6eVzk5s/preset:listing/plain/ec12fd18a5d218381b8c67d7aaf06725-2979053291139664501.jpg,https://www.chotot.com/131709204.htm,2026-04-10T15:20:09.000Z,2026-04-10T15:34:27.367Z
chotot-131750146,chotot,Nhà Phú Hoà - Thủ Dầu Một,House,SALE,6500000000,"6,5 tỷ",VND,100,65000000,"Đường nhựa 5m Thông, Thành phố Thủ Dầu Một, Bình Dương",Bình Dương,Thành phố Thủ Dầu Một,10.972611,106.685135,4,,,,"Dự án: 
Thông tin chi tiết: Nhà Phú Hoà - Thủ Dầu Một
- DT 102m2 (đã hoàn công)
- Xây dựng 1 trệt 2 lầu 4 phòng ngủ sân oto...
- Đường nhựa 5m thông thoáng
- Hướng Chính Bắc
- Giá bán 6,5tỷ tl
LH:  Minh Sang xem nhà (GC)",https://cdn.chotot.com/21JZny_kuP9d4T5H-fVRDPq-vMb_jwH3iHKlIQYOlOA/preset:listing/plain/176edb9f10f0437e3203242ec990821e-2979355647845108341.jpg,https://www.chotot.com/131750146.htm,2026-04-10T15:19:43.000Z,2026-04-10T15:34:27.367Z
chotot-131750142,chotot,Nhà Ngay Chợ Đường  1 Lầu Hẻm 5 m otto P Thới An Q12,Townhouse,SALE,3490000000,"3,49 tỷ",VND,44,79318182,"Đường Hà Huy Giáp, Quận 12, Tp Hồ Chí Minh",Tp Hồ Chí Minh,Quận 12,10.872191,106.67686,2,2,1,4,"Dự án: 
Thông tin chi tiết: Chủ gửi 
❇️Nhà hà huy giáp thạnh xuân q12
✅Dt 3,9*11 đúc 1 lầu
✅Gồm 2 phòng ngủ,2wc,phòng khách,bếp
✅Hẻm xe hơi tận nhà
✅Cách hà huy giáp 300m
✅Sổ hồng riêng,mà mới vào ở liền
✅Giá 3 tỷ 490 triệu còn bớt
*** nc",https://cdn.chotot.com/5PBpirZZBUeAFgj1eWtkUy-bj7Kt7tStU61cLt9U9Xk/preset:listing/plain/70c206d0b73f01c77ec3fb7aacc9f798-2979354959990059225.jpg,https://www.chotot.com/131750142.htm,2026-04-10T15:19:25.000Z,2026-04-10T15:34:27.367Z
chotot-129197537,chotot,"Nhà 4 Tầng 5m x 20m Phạm Thế Hiển Quận 8, SHR Hoàn Công Đủ",House,SALE,8200000000,"8,2 tỷ",VND,100,82000000,"Phạm Thế Hiển, Quận 8, Tp Hồ Chí Minh",Tp Hồ Chí Minh,Quận 8,10.71493,106.63096,4,,4,,"Nhà đẹp 4 tầng 5m x 20m KDC Phú Lợi đường Phạm Thế Hiển Q8, hoàn công đủ.
=====
Hiện trạng.
+ Sổ hồng riêng. Hoàn công đủ 
+ Nhà mới xách vali vào ở liền.
+ 5m x 20m.
+ 1 trệt 2 lầu sân thượng 4PN master 5WC.
+ Giếng trời thoát mát nội thất đẹp.
_ 1 Căn 8 tỷ 2
_ 2 Căn 8 tỷ 480
+ Đường Phạm Thế Hiển, Nguyễn Văn Linh, Trịnh Quang Nghị, Văn Tiến Dũng, Ql50, Lê Bôi.
+ Lh: Quan Nhà phố, xem nhà 24/7.",https://cdn.chotot.com/8BK0TfjrR8wXIB4N9VvtGFdFVcMFyNpQYDaeRGM0y-g/preset:listing/plain/8fe03d48d9030386939fc71247850fd3-2978417009874695461.jpg,https://www.chotot.com/129197537.htm,2026-04-10T15:18:28.000Z,2026-04-10T15:34:27.367Z
chotot-131692528,chotot,"MẶT TIỀN NGANG 5M HUỲNH TẤN PHÁT Q7 TIỆN VỪA Ở VỪA KINH DOANH 10,2 tỷ",House,SALE,10200000000,"10,2 tỷ",VND,50,204000000,"Đường Huỳnh Tấn Phát, Quận 7, Tp Hồ Chí Minh",Tp Hồ Chí Minh,Quận 7,10.75477,106.72645,3,2,2,5,"Dự án: 
Thông tin chi tiết: ✅Nhà mặt tiền Huỳnh Tấn Phát, kế bên Quận 4, đoạn sầm uất nhất Quận 7.
🤝Diện tích ngang 5met thuận tiện kinh doanh, vỉa hè 3 mét rộng rãi
✅Nhà 1 lầu có 3 phòng ngủ.
🤝Tiện vừa ở vừa kinh doanh giá cực rẻ chỉ 10,2 tỷ",https://cdn.chotot.com/a1FPt_DiS_JppB79thVY0NX7eXIRzKUzWrXViqCZ5ss/preset:listing/plain/73e34ee268d918d98e028c90fa7cc365-2978986467396248918.jpg,https://www.chotot.com/131692528.htm,2026-04-10T15:18:08.000Z,2026-04-10T15:34:27.367Z
chotot-131750131,chotot,🚨 SIÊU PHẨM ĐỐI DIỆN LOTTE–HXH THÔNG–45m²–2 TẦNG BTCT– XE HƠI TỚI CỬA,Townhouse,SALE,3980000000,"3,98 tỷ",VND,45,88444444,"Đường Lê Đức Thọ, Quận Gò Vấp, Tp Hồ Chí Minh",Tp Hồ Chí Minh,Quận Gò Vấp,10.842118,106.67632,2,2,2,,"🚨 SIÊU PHẨM ĐỐI DIỆN LOTTE – HXH THÔNG – NHỈNH 3 TỶ, 
🏠 45m² – 2 TẦNG BTCT – XE HƠI TỚI CỬA
💥 2PN – 2WC – Có sân xe –Kho Chứa Rộng rãi 
💥 Vị trí vàng Nguyễn Văn Lượng – đối diện Cityland
💥 SHR – nở hậu – hoàn công đủ
📞LH:Ms Linh chính chủ nhà phố",https://cdn.chotot.com/gNyhq16JlPs3LpmiDXj7uPbdsuClXg_gZ7iNklmwhSQ/preset:listing/plain/0f0666d48b361f35a84c7782e9841341-2979355191277603832.jpg,https://www.chotot.com/131750131.htm,2026-04-10T15:18:08.000Z,2026-04-10T15:34:27.367Z
chotot-130981256,chotot,🏡 BÁN NHÀ LÊ LỢI – HÓC MÔN – 128m² – Ô TÔ VÀO NHÀ 🚗,Townhouse,SALE,4200000000,"4,2 tỷ",VND,128,32812500,"Đường Lê Lợi, Huyện Hóc Môn, Tp Hồ Chí Minh",Tp Hồ Chí Minh,Huyện Hóc Môn,10.893954,106.58624,2,2,1,5.5999,"Dự án: 
Thông tin chi tiết: 📍 Đường Lê Lợi, Hóc Môn

✨ Diện tích: 5.6m x 23m – Công nhận 128m² (ngang khủng hiếm có)
✨ Kết cấu: 1 trệt, mái tôn, nhà mới sạch đẹp – chỉ xách vali vào ở
✨ Công năng: 2PN, 1WC, phòng khách rộng, bếp thoáng, có giếng trời
✨ Hẻm ô tô chạy vô tận nhà – xe ngủ trong nhà

📜 Pháp lý: Sổ hồng riêng – chính chủ",https://cdn.chotot.com/bdcNWknhuq3NrtXvB_GwqmwI1_KC7x5-ccNv2AUCqx0/preset:listing/plain/9209bc31c358b238225429ea5b35fb37-2973847843114593782.jpg,https://www.chotot.com/130981256.htm,2026-04-10T15:17:42.000Z,2026-04-10T15:34:27.367Z
chotot-131369615,chotot,Hẻm Xe Hơi 4M - Phạm Văn Chiêu 17m2 1 Trệt 1 Lầu - Sát Mặt Tiền,Townhouse,SALE,2190000000,"2,19 tỷ",VND,17,128823529,"Phạm văn chiêu, Quận Gò Vấp, Tp Hồ Chí Minh",Tp Hồ Chí Minh,Quận Gò Vấp,10.850746,106.64534,1,,3,2.7,"🏡 Giá: 2.19 tỷ Hẻm Xe Hơi 4M
✅ Bán nhà Đường Phạm Văn Chiêu P.14 Quận Gò Vấp
📏 Diện tích: 3.3 x 5m, DTSD: 32m2
🏠 Kết cấu: 1 trệt 1 lầu suốt, có ban công
📍 Vị trí: Hẻm 1/, cách mặt tiền 10m, hẻm trước nhà 4m thông thoáng, căn góc thoáng mát , gần chợ thạch đà 100m , có chổ đậu xe hơi ngay đầu hẻm
🛍️ Tiện ích: Gần chợ, trường học, siêu thị
🏡 Giá: 2.19 tỷ bớt lộc",https://cdn.chotot.com/jQ0b_cakjHm72iEeh_tcKW32VcG8Su0FSsrUsoOtvew/preset:listing/plain/a6d7adbf7c3b31e03438e517e17c7b3a-2979355321373336852.jpg,https://www.chotot.com/131369615.htm,2026-04-10T15:17:27.000Z,2026-04-10T15:34:27.367Z
alonhadat-18438413,alonhadat,Nhà Phố Sora Bay -  Vị trí trung tâm kề phố cận biển - Chính Sách Đột phá siêu hấp dẫn,House,SALE,14890000000,"Giá: 14,89 tỷ",VND,115,129478261,"Quận 1, Quận 1, TP Hồ Chí Minh",TP Hồ Chí Minh,Quận 1,,,18,,6,10,"Nhà Phố Sora Bay Hạ Long *CỖ MÁY * tạo ra dòng tiền với vị trí kim cương kề phố -Cận biển , hội tụ đầy đủ 3 yếu tố : vị trí siêu đẹp - Giá Tốt - Chính sách ưu đãi cực khủng!......  << Xem chi tiết >>",https://alonhadat.com.vn/files/properties/2026/4/6/thumbnails/20260406_101625_768417_4.jpg,https://alonhadat.com.vn/nha-pho-sora-bay-vi-tri-trung-tam-ke-pho-can-bien-chinh-sach-dot-pha-sieu-hap-dan-18438413.html,2026-04-06,2026-04-10T15:34:29.445Z
alonhadat-18431957,alonhadat,Sky M- Căn Hộ Mặt Biển Tại Hạ Long Giá chỉ bằng 1/2 căn hộ tại Hà Nội,House,SALE,4623000000,"Giá: 4,623 tỷ",VND,67,69000000,"Quận 1, Quận 1, TP Hồ Chí Minh",TP Hồ Chí Minh,Quận 1,,,2,,,,Căn Hộ Mặt Biển Tại Hạ Long hội tụ đầy đủ 3 yếu tố: View Đẹp- Giá Tốt - Chính sách hấp dẫn hiếm có tại Hạ Long......  << Xem chi tiết >>,https://alonhadat.com.vn/files/properties/2026/4/4/thumbnails/20260404_094005_768417_2.jpg,https://alonhadat.com.vn/sky-m-can-ho-mat-bien-tai-ha-long-gia-chi-bang-1-2-can-ho-tai-ha-noi-18431957.html,2026-04-04,2026-04-10T15:34:29.446Z
alonhadat-16501300,alonhadat,"Cần bán khách sạn mini 16 phòng tiêu chuẩn 3 sao ngay Bãi Cháy, giá 16 tỷ",House,SALE,16000000000,Giá: 16 tỷ,VND,120,133333333,"Quận 1, Quận 1, TP Hồ Chí Minh",TP Hồ Chí Minh,Quận 1,,,16,,5,10,"Cần bán gấp khách sạn 16 phòng hạng Superior và Deluxe sang trọng tại trung tâm du lịch Bãi Cháy, thành phố Hạ Long, kinh doanh cực tốt với lượng khách du lịch cực lớn.

Vị trí trung tâm nhất của trung tâm du lịch Bãi ......  << Xem chi tiết >>",https://alonhadat.com.vn/files/properties/2025/5/14/thumbnails/016501300-2139-ban-nha-hang-khach-san-thanh-pho-ha-long-chinh-chu.jpg,https://alonhadat.com.vn/can-ban-khach-san-mini-16-phong-tieu-chuan-3-sao-ngay-bai-chay-gia-18-ty-16501300.html,2026-04-10,2026-04-10T15:34:29.447Z
alonhadat-18353185,alonhadat,"Bán liền kề 5 tầng thuận tiện làm khách sạn mini tại Hạ Long, giá chỉ từ 14,89 tỷ",House,SALE,14890000000,"Giá: 14,89 tỷ",VND,110,135363636,"Quận 1, Quận 1, TP Hồ Chí Minh",TP Hồ Chí Minh,Quận 1,,,18,,6,10,"SỞ HỮU NHÀ PHỐ MẶT TIỀN HOÀNG QUỐC VIỆT CHỈ VỚI 3 BƯỚC CHÂM CHẠM BIỂN: TIN ĐƯỢC KHÔNG?

Không phải giấc mơ, đây là hiện thực ngay tại Sora Bay Halong - Trái tim của thủ phủ du lịch Hạ Long Marina!
Chỉ với mức giá khôn......  << Xem chi tiết >>",https://alonhadat.com.vn/files/properties/2026/3/23/thumbnails/018353185-4103-ban-nha-mat-tien-thanh-pho-ha-long.jpg,https://alonhadat.com.vn/ban-lien-ke-thuan-tien-lam-khach-san-mini-tai-ha-long-gia-chi-tu-14-89-ty-18353185.html,2026-04-10,2026-04-10T15:34:29.448Z
alonhadat-18033058,alonhadat,💎 ✨BÁN TỔ HỢP KHÁCH SẠN 5 SAO MORNING STAR – TRÁI TIM ĐẢO TUẦN CHÂU – QUẢNG NINH 💎 ✨,House,SALE,170000000000,Giá: 170 tỷ,VND,2388,71189280,"Quận 1, Quận 1, TP Hồ Chí Minh",TP Hồ Chí Minh,Quận 1,,,120,,9,15,"💎 ✨BÁN TỔ HỢP KHÁCH SẠN 5 SAO MORNING STAR – TRÁI TIM ĐẢO TUẦN CHÂU – QUẢNG NINH 💎 ✨

Tọa lạc tại vị trí trung tâm đảo Tuần Châu – thiên đường du lịch của Hạ Long, nơi hội tụ những kỳ quan thiên nhiên kỳ vĩ được UNES......  << Xem chi tiết >>",https://alonhadat.com.vn/files/properties/2026/2/9/thumbnails/018033058-2657-ban-nha-hang-khach-san-thanh-pho-ha-long.jpg,https://alonhadat.com.vn/-ban-to-hop-khach-san-5-sao-morning-star-trai-tim-dao-tuan-chau-quang-ninh--18033058.html,2026-04-09,2026-04-10T15:34:29.449Z
alonhadat-18311805,alonhadat,🏨 BÁN KHÁCH SẠN 4 SAO TRUNG TÂM HẠ LONG – VỊ TRÍ VIP – DOANH THU ỔN ĐỊNH,House,SALE,155000000000,Giá: 155 tỷ,VND,721,214979196,"Quận 1, Quận 1, TP Hồ Chí Minh",TP Hồ Chí Minh,Quận 1,,,135,,11,15,"🏨 BÁN KHÁCH SẠN 4 SAO TRUNG TÂM HẠ LONG – VỊ TRÍ VIP – DOANH THU ỔN ĐỊNH

Khách sạn 4 sao đẳng cấp tại trung tâm thành phố Hạ Long , vị trí vàng ngay khu du lịch sầm uất bậc nhất Quảng Ninh, lượng khách du lịch trong ......  << Xem chi tiết >>",https://alonhadat.com.vn/files/properties/2026/3/17/thumbnails/018311805-3620-ban-nha-hang-khach-san-thanh-pho-ha-long-chinh-chu.jpg,https://alonhadat.com.vn/-ban-khach-san-4-sao-trung-tam-ha-long-vi-tri-vip-doanh-thu-on-dinh-18311805.html,2026-04-09,2026-04-10T15:34:29.450Z
alonhadat-17100317,alonhadat,MỚI KOONG - CĂN HỘ VIP NHẤT HẠ LONG CỦA CHỦ ĐẦU TƯ SUN GROUP - BẢNG HÀNG 04/2026,House,SALE,2100000000,"Giá: 2,1 tỷ",VND,32,65625000,"Quận 1, Quận 1, TP Hồ Chí Minh",TP Hồ Chí Minh,Quận 1,,,2,,30,24,"Căn hộ biển đẹp nhất miền Bắc của tập đoàn Sun Group ở Hạ Long - Quảng Ninh. Sẽ là nơi diễn ra hoạt động du lịch, bắn pháo hoa thu hút hàng triệu khách du lịch.......  << Xem chi tiết >>",https://alonhadat.com.vn/files/properties/2025/8/11/thumbnails/20250811_105736_618892_0.jpg,https://alonhadat.com.vn/moi-koong-can-ho-vip-nhat-ha-long-cua-chu-dau-tu-sun-group-bang-hang-08-2025-17100317.html,2026-04-10,2026-04-10T15:34:29.451Z
alonhadat-17186144,alonhadat,"CẦN BÁN SHOPHOUSE CẢNG QUỐC TẾ TUẦN CHÂU, SỔ ĐỎ CHÍNH CHỦ 5,9 tỷ",House,SALE,5900000000,"Giá: 5,9 tỷ",VND,108,54629630,"Quận 1, Quận 1, TP Hồ Chí Minh",TP Hồ Chí Minh,Quận 1,,,4,,5,20,"BÁN CẮT LỖ
 SHOPHOUSE TUẦN CHÂU
Giá chào giảm nửa tỷ 6,9 tỷ Hh3%

Chủ nhà thân tặng đầu khách chốt v công chứng trước ngày 30/9/2025 Gói nghỉ dưỡng RESORT TUẦN CHÂU 5sao 🤝🌹 

Dự án nhà phố thương mại cuối cùng tạ......  << Xem chi tiết >>",https://alonhadat.com.vn/files/properties/2025/8/24/thumbnails/017186144-5957-ban-biet-thu-nha-lien-ke-quang-ninh-chinh-chu.jpg,https://alonhadat.com.vn/cc-ban-shophouse-cang-quoc-te-tuan-chau-so-do-chinh-chu-5-9-ty-17186144.html,2026-04-10,2026-04-10T15:34:29.451Z
alonhadat-8354320,alonhadat,"BÁN GẤP TOÀN KHÁCH SẠN 4 SAO 18 TẦNG ĐƯỜNG HOÀNG QUỐC VIỆT,HẠ LONG.DT:750M2,MT:25M",House,SALE,245000000000,Giá: 245 tỷ,VND,750,326666667,"Quận 1, Quận 1, TP Hồ Chí Minh",TP Hồ Chí Minh,Quận 1,,,105,,18,30,"cần bán gấp tòa Khách Sạn 4 Sao xây 18 tầng mặt phố Hoàng Quốc Việt, Hạ Long, Quảng Ninh. Dt:750m2, Mt:25m2 với nội thất đẳng cấp, sang trọng với tầm nhìn View ra biển, đầy đủ bể bơi phòng tập.
Vị trí Khách Sạn ở đoạn đ......  << Xem chi tiết >>",https://alonhadat.com.vn/files/properties/2021/5/6/thumbnails/08354320-4249-ban-nha-hang-khach-san-quang-ninh.jpg,https://alonhadat.com.vn/ban-gap-toan-khach-san-4-sao-18-tang-duong-hoang-quoc-viet-ha-long-dt-750m2-mt-25m-8354320.html,2026-04-10,2026-04-10T15:34:29.452Z
alonhadat-15619266,alonhadat,"Bán gấp mảnh đất 188m2 phố Tiêu Dao, Hà Khẩu, ô tô vào đất",House,SALE,4900000000,"Giá: 4,9 tỷ",VND,188,26063830,"Quận 1, Quận 1, TP Hồ Chí Minh",TP Hồ Chí Minh,Quận 1,,,,,,10,"Cần bán gấp mảnh đất phố Tiêu Dao, phường Hà khẩu, Hạ long:
- diện tích: 188m², sđcc
- vị trí cực đẹp cách đường Trần Nhân Tông chỉ hơn 150m,đất view Vịnh Cửa Lục, cầu Tình yêu, chỉ 5p ra tới KCN Việt Hưng, TTC Thành C......  << Xem chi tiết >>",https://alonhadat.com.vn/files/properties/2024/12/9/thumbnails/015619266-3643-ban-dat-tho-cu-dat-o-quang-ninh-chinh-chu.jpg,https://alonhadat.com.vn/chinh-chu-ban-gap-manh-dat-188m2-pho-tieu-dao-ha-khau-o-to-vao-dat-15619266.html,2026-04-10,2026-04-10T15:34:29.452Z
alonhadat-18269659,alonhadat,"Siêu phẩm - Bán lô đất siêu đẹp mặt đường Minh Hà, phường Hà Tu, tỉnh Quảng Ninh",House,SALE,2700000000,"Giá: 2,7 tỷ",VND,47,57446809,"Quận 1, Quận 1, TP Hồ Chí Minh",TP Hồ Chí Minh,Quận 1,,,,,,8,"Siêu phẩm - Bán lô đất siêu đẹp mặt đường Minh Hà, phường Hà Tu, tỉnh Quảng Ninh. Diện tích 47m2, giá đầu tư

Bán lô đất siêu đẹp tại mặt đường Minh Hà, Phường Hà Tu, tỉnh Quảng Ninh, đây là một lô đất lý tưởng cho nhữ......  << Xem chi tiết >>",https://alonhadat.com.vn/files/properties/2026/3/10/thumbnails/018269659-5258-sieu-pham-ban-lo-dat-sieu-dep-mat-duong-minh-ha-phuong-ha-tu-tinh-quang-ninh.jpg,https://alonhadat.com.vn/sieu-pham-ban-lo-dat-sieu-dep-mat-duong-minh-ha-phuong-ha-tu-tinh-quang-ninh-18269659.html,2026-04-10,2026-04-10T15:34:29.453Z
alonhadat-16394068,alonhadat,KHÁCH SẠN 4 SAO 12 TẦNG THANG MÁY XUÂN THÀNH LUXURY HẠ LONG QUẢNG NINH 225m 60 TỶ,House,SALE,60000000000,Giá: 60 tỷ,VND,225,266666667,"Quận 1, Quận 1, TP Hồ Chí Minh",TP Hồ Chí Minh,Quận 1,,,43,,12,30,"KHÁCH SẠN 4 SAO XUÂN THÀNH LUXURY, HẠ LONG, QUẢNG NINH

KHÁCH SẠN 4 SAO TRUNG TÂM DU LỊCH LỚN NHẤT MIỀN BẮC - THÔNG SỐ ĐẸP- PHÁP LÝ CHUẨN MỰC - GIÁ ĐẦU TƯ .DÒNG TIỀN 5 TỶ/NĂM

Khách sạn XUÂN THÀNH Luxury tọa lạc tại ......  << Xem chi tiết >>",https://alonhadat.com.vn/files/properties/2025/4/26/thumbnails/016394068-1123-ban-nha-hang-khach-san-quang-ninh-chinh-chu.jpg,https://alonhadat.com.vn/khach-san-4-sao-12-tang-thang-may-xuan-thanh-luxury-ha-long-quang-ninh-225m-60-ty-16394068.html,2026-04-10,2026-04-10T15:34:29.453Z
alonhadat-17316749,alonhadat,KHÁCH SẠN 3 SAO 8 TẦNG THANG MÁY ĐẦY ĐỦ GPXD & PCCC BÃI CHÁY HẠ LONG 220m 35 TỶ,House,SALE,35000000000,Giá: 35 tỷ,VND,220,159090909,"Quận 1, Quận 1, TP Hồ Chí Minh",TP Hồ Chí Minh,Quận 1,,,24,,8,40,"KHÁCH SAN TIÊU CHUẨN 3 SAO - VỊ TRÍ ĐẮC ĐỊA - TRUNG TÂM BÃI CHÁY - HẠ LONG - KINH DOANH CỰC ĐỈNH 

DOANH THU TRUNG HÌNH 250TR/ THÁNG.

- Vị trí thuận tiện, địa chỉ: Hải Quân, Phường Bãi Cháy, TP Hạ Long, Quảng Ninh.
......  << Xem chi tiết >>",https://alonhadat.com.vn/files/properties/2025/9/16/thumbnails/017316749-2013-ban-nha-hang-khach-san-quang-ninh-chinh-chu.jpg,https://alonhadat.com.vn/khach-san-3-sao-8-tang-thang-may-day-du-gpxd-pccc-bai-chay-ha-long-220m-30-ty-17316749.html,2026-04-10,2026-04-10T15:34:29.454Z
alonhadat-17100047,alonhadat,"Bán đất xây Khách Sạn Mặt Phố Hoàng Quốc Việt Bãi Cháy hạ Long 1381m2, MT 28m Full Thổ Cư",House,SALE,228000000000,Giá: 228 tỷ,VND,1381,165097755,"Quận 1, Quận 1, TP Hồ Chí Minh",TP Hồ Chí Minh,Quận 1,,,,,,49,"Mảnh đất thuộc khu đô thị mới Hùng Thắng II, với mặt tiền là mặt phố Hoàng Quốc Việt, Bãi Cháy, Hạ Long Quảng Ninh. 
+ Thửa đất có vị trí đắc địa với hai mặt tiền đường, mặt trước mặt Đường Hoàng Quốc Việt, Mặt Sau mặt ......  << Xem chi tiết >>",https://alonhadat.com.vn/files/properties/2025/8/11/thumbnails/017100047-4745-ban-nha-hang-khach-san-thanh-pho-ha-long.jpg,https://alonhadat.com.vn/ban-dat-xay-khach-san-mat-pho-hoang-quoc-viet-bai-chay-ha-long-1381m2-mt-28m-full-tho-cu-17100047.html,2026-04-10,2026-04-10T15:34:29.454Z
alonhadat-18145196,alonhadat,Bán Khách Sạn 4* Hạ Long 2389m2 9 tầng 4 mặt View Biển đắc địa vô cùng,House,SALE,87000000,Giá: 87 triệu / m²,VND,2389,36417,"Quận 1, Quận 1, TP Hồ Chí Minh",TP Hồ Chí Minh,Quận 1,,,110,,9,23,"Bán Khách Sạn 4* Hạ Long 2389m2 9 tầng 4 mặt View Biển đắc địa vô cùng
KHÁCH SẠN HẠ LONG QUẢNG LINH -  ĐẠT CHUẨN 4* - KINH DOANH TUYỆT VỜI – VỚI 4 MẶT VIEW BIỂN – GIÁ ĐẦU TƯ
Tổng diện tích sổ ......  << Xem chi tiết >>",https://alonhadat.com.vn/files/properties/2026/1/28/thumbnails/018145196-0147-ban-nha-hang-khach-san-quang-ninh.jpg,https://alonhadat.com.vn/ban-khach-san-4-ha-long-2389m2-9-tang-4-mat-view-bien-dac-dia-vo-cung-18145196.html,2026-04-10,2026-04-10T15:34:29.455Z
alonhadat-18219957,alonhadat,"chuyển nhượng khách sạn 4 sao 7,000m2- 110 phòng- mặt tiền 60m- đẹp nhất hạ long- 170 tỷ",House,SALE,170000000000,Giá: 170 tỷ,VND,2000,85000000,"Quận 1, Quận 1, TP Hồ Chí Minh",TP Hồ Chí Minh,Quận 1,,,110,,15,20,"bán khách sạn 4 sao quốc tế- view ôm trọn vịnh hạ long
dt: 2,100 m2 - mặt tiền 60m
tổng sàn: 7,000 m2 
full công năng của khách sạn 4 sao đạt chuẩn 5 sao 
số pn: 110 phòng
có đầy đủ hồ bơi onsen- trung tâm sự kiện- ......  << Xem chi tiết >>",https://alonhadat.com.vn/files/properties/2026/2/28/thumbnails/018219957-5902-ban-nha-hang-khach-san-quang-ninh.jpg,https://alonhadat.com.vn/chuyen-nhuong-khach-san-4-sao-7-000m2-110-phong-mat-tien-60m-dep-nhat-ha-long-195-ty-18219957.html,2026-04-10,2026-04-10T15:34:29.455Z
alonhadat-18223263,alonhadat,TUẦN CHÂU MORNING STAR HOTEL ⭐️⭐️⭐️⭐️ - 120 PHÒNG- VIEW ÔM TRỌN VỊNH TUẦN CHÂU- 169 TỶ,House,SALE,169000000000,Giá: 169 tỷ,VND,2900,58275862,"Quận 1, Quận 1, TP Hồ Chí Minh",TP Hồ Chí Minh,Quận 1,,,120,,15,,"TUẦN CHÂU MORNING ⭐️⭐️⭐️⭐️ 4 STAR HOTEL FOR SALE
------
📍 Đảo Tuần Châu – Hạ Long
-  Trung tâm du lịch quốc gia, điểm xuất phát du thuyền cao cấp
-  Kết nối nghỉ dưỡng – giải trí – MICE – du lịch biển
-  View 4 mặt......  << Xem chi tiết >>",https://alonhadat.com.vn/files/properties/2026/3/1/thumbnails/018223263-4341-ban-nha-hang-khach-san-quang-ninh-chinh-chu.jpg,https://alonhadat.com.vn/tuan-chau-morning-star-hotel-120-phong-view-om-tron-vinh-tuan-chau-169-ty-18223263.html,2026-04-10,2026-04-10T15:34:29.455Z
alonhadat-15134726,alonhadat,"Bán căn liền kề 5 tầng, thuận tiện làm khách sạn mini 16 phòng, cạnh Sun World giá gốc CĐT",House,SALE,14500000000,"Giá: 14,5 tỷ",VND,120,120833333,"Quận 1, Quận 1, TP Hồ Chí Minh",TP Hồ Chí Minh,Quận 1,,,14,,5,10,"Nhanh tay sở hữu cơ hội trở thành chủ Nhà Hàng - Khách Sạn - Cơ sở giải trí hàng đầu tại quần thể biển Bãi Cháy - Hạ Long với:
 Những căn shophouse chuẩn Châu  u đẹp tới mê hồn !
Nằm trên mảnh đất di sản và là quỹ đất ......  << Xem chi tiết >>",https://alonhadat.com.vn/files/properties/2025/5/5/thumbnails/015134726-5011-ban-nha-hang-khach-san-thanh-pho-ha-long-chinh-chu.jpg,https://alonhadat.com.vn/ban-can-lien-ke-5-tang-thuan-tien-lam-khach-san-mini-16-phong-canh-sun-world-gia-goc-cdt-15134726.html,2026-04-10,2026-04-10T15:34:29.456Z
alonhadat-16435962,alonhadat,"Bán khách sạn 5* trung tâm Bãi Cháy- Hạ Long, 32 phòng, đi bộ 2p ra bãi tắm, giá 38,5 tỷ",House,SALE,38500000000,"Giá: 38,5 tỷ",VND,240,160416667,"Quận 1, Quận 1, TP Hồ Chí Minh",TP Hồ Chí Minh,Quận 1,,,32,,5,10,"Cần bán khách sạn tc 5 sao trung tâm Bãi Cháy - Hạ Long 32 phòng
Mặt tiền 15m, Hướng đông nam.
- Khách sạn được thiết kế theo phong cách Châu Âu sang trọng và hiện đại, đẹp nhất Hạ Long, thuộc khu trung tâm du lịch sầm......  << Xem chi tiết >>",https://alonhadat.com.vn/files/properties/2025/9/19/thumbnails/016435962-3627-ban-nha-hang-khach-san-quang-ninh-gia-re.jpg,https://alonhadat.com.vn/ban-khach-san-5-trung-tam-bai-chay-ha-long-32-phong-di-bo-2p-ra-bai-tam-canh-cong-vi-16435962.html,2026-04-10,2026-04-10T15:34:29.456Z
alonhadat-16728205,alonhadat,"cần Bán gấp nhà xây làm khách sạn mini ngay cạnh công viên Sun World giá 13,8 tỷ",House,SALE,13000000000,Giá: 13 tỷ,VND,120,108333333,"Quận 1, Quận 1, TP Hồ Chí Minh",TP Hồ Chí Minh,Quận 1,,,16,,5,10,"Chính chủ gửi bán gấp căn liền kề thuận tiện làm khách sạn 16 phòng hạng Superior và Deluxe sang trọng tại trung tâm du lịch Bãi Cháy, thành phố Hạ Long, kinh doanh cực tốt với lượng khách du lịch cực lớn.
Vị trí trung ......  << Xem chi tiết >>",https://alonhadat.com.vn/files/properties/2025/6/16/thumbnails/016728205-1732-ban-biet-thu-nha-lien-ke-quang-ninh.jpg,https://alonhadat.com.vn/ban-nha-xay-lam-khach-san-mini-ngay-canh-cong-vien-sun-world-gia-11-8-ty-16728205.html,2026-04-10,2026-04-10T15:34:29.457Z
alonhadat-18443445,alonhadat,BÁN NHÀ KHU 2 VÀNG DANH - LÔ GÓC- Ô TÔ- GIÁ 790 TRIỆU.,House,SALE,790000000,Giá: 790 triệu,VND,126,6269841,"Quận 3, Quận 3, TP Hồ Chí Minh",TP Hồ Chí Minh,Quận 3,,,,,,35,"📢KHU VỰC TIỀM NĂNG TĂNG GIÁ CAO, NGÕ Ô TÔ, 2 MẶT TIỀN RỘNG.
🏵️VỊ TRÍ ĐẸP GẦN CÔNG VIÊN MỎ 1 PHÚT RA KHU PHỐ KINH OANH TẤP NẬP, GIAO THÔNG THUẬN LỢI thông các ngả  314, 274, đường Nguyễn Văn Cừ, viện Mỏ, trường học các......  << Xem chi tiết >>",https://alonhadat.com.vn/files/properties/2026/4/6/thumbnails/018443445-4313-ban-nha-trong-hem-thanh-pho-uong-bi.jpg,https://alonhadat.com.vn/ban-nha-khu-2-vang-danh-lo-goc-o-to-gia-790-trieu--18443445.html,2026-04-10,2026-04-10T15:34:30.893Z
alonhadat-18404602,alonhadat,"CHÍNH CHỦ BÁN ĐẤT KHU VÀNG DANH 2, 125M, MT 5M,",House,SALE,750000000,Giá: 750 triệu,VND,125,6000000,"Quận 3, Quận 3, TP Hồ Chí Minh",TP Hồ Chí Minh,Quận 3,,,,,,4,"🏠📢KHU VỰC TIỀM NĂNG TĂNG GIÁ CAO, NGÕ Ô TÔ, MẶT TIỀN RỘNG.
🏵️VỊ TRÍ ĐẸP GẦN CÔNG VIÊN MỎ 1 PHÚT RA KHU PHỐ KINH OANH TẤP NẬP, GIAO THÔNG THUẬN LỢI thông các ngả  314, 274, đường Nguyễn Văn Cừ, viện Mỏ, trường học các......  << Xem chi tiết >>",https://alonhadat.com.vn/files/properties/2026/3/31/thumbnails/018404602-1203-ban-nha-trong-hem-thanh-pho-uong-bi-chinh-chu.jpg,https://alonhadat.com.vn/chinh-chu-ban-dat-khu-vang-danh-2-125m-mt-5m--18404602.html,2026-04-10,2026-04-10T15:34:30.893Z
alonhadat-18461838,alonhadat,"Đất Uông bí và Mạo khê, 5,4*21, 5*16, 780 tr và 1,2 tỷ.",House,SALE,780000000,Giá: 780 triệu,VND,116,6724138,"Quận 3, Quận 3, TP Hồ Chí Minh",TP Hồ Chí Minh,Quận 3,,,,,,10,"Tôi chính chủ cần bán 2 lô đất ở Quảng Ninh với thông tin như sau:
1) Lô ở Mạo khê, Đông Triều DT 5*16 vuông đẹp, 79 m2 thổ cư, đường trước mặt 10 m. Đường thông gần trường học Mạo khê, gần trường Đại học Công nghiệp Qu......  << Xem chi tiết >>",https://alonhadat.com.vn/files/properties/2026/4/9/thumbnails/018461838-4046-dat-uong-bi-va-mao-khe-5-4-21-5-16-780-tr-va-1-2-ty-.jpg,https://alonhadat.com.vn/dat-uong-bi-va-mao-khe-5-4-21-5-16-780-tr-va-1-2-ty--18461838.html,2026-04-10,2026-04-10T15:34:30.893Z
alonhadat-16133960,alonhadat,"Đất Bắc sơn Uông bí 5,5*21 giá 800 tr, đất Đông triều 5*16 giá 1,3 tỷ.",House,SALE,800000000,Giá: 800 triệu,VND,110,7272727,"Quận 3, Quận 3, TP Hồ Chí Minh",TP Hồ Chí Minh,Quận 3,,,,,,5,"🔥🔥🔥 Tôi chính chủ cần bán đất Quảng Ninh với thông tin sau:

1) Đất khu 9 phường Bắc Sơn, TP Uông Bí. 500 m tới trung tâm hành chính. Hẻm trước đất hiện tại 4 m, có vỉa hè, quy hoạch mở rộng hẻm 7 m. Hẻm thông xe hơ......  << Xem chi tiết >>",https://alonhadat.com.vn/files/properties/2025/3/23/thumbnails/016133960-1714-ban-dat-tho-cu-dat-o-thanh-pho-uong-bi-gia-re.jpg,https://alonhadat.com.vn/dat-bac-son-uong-bi-5-5-21-gia-800-tr-dat-dong-trieu-5-16-gia-1-3-ty--16133960.html,2026-04-10,2026-04-10T15:34:30.894Z
alonhadat-10476324,alonhadat,"Bán lô đất 99.36 m2 tại Khu đô thị Hoa Nhàn A, Yên Thanh, Uông Bí",House,SALE,21000000,Giá: 21 triệu / m²,VND,99,212121,"Quận 3, Quận 3, TP Hồ Chí Minh",TP Hồ Chí Minh,Quận 3,,,,,,15,"Chính chủ nhờ bán lô đất Khu đô thị Hoa Nhàn A.
+ DT sổ đỏ 99.36 m2, mặt tiền 5m sổ đỏ đầy đủ.
+ Lô đất quy hoạch đường 7m vỉa hè mỗi bên 5m.
+ Hạ tầng hoàn thiện, tiện ích đầy đủ, khu dân cư hiện hữu.
+ Vị trí đẹp t......  << Xem chi tiết >>",https://alonhadat.com.vn/files/properties/2022/4/25/thumbnails/010476324-4848-ban-dat-nen-lien-ke-dat-du-an-quang-ninh-chinh-chu.jpg,https://alonhadat.com.vn/ban-lo-dat-99-36-m2-tai-khu-do-thi-hoa-nhan-a-yen-thanh-uong-bi-10476324.html,2026-04-10,2026-04-10T15:34:30.894Z
alonhadat-17002235,alonhadat,"Bán82m2 đất mặt đường18 Nam Khê- Uông Bí Tục đường đi Hạ Long, Đông Triều giá chỉ hơn 2 tỷ",House,SALE,2300000000,"Giá: 2,3 tỷ",VND,82,28048780,"Quận 3, Quận 3, TP Hồ Chí Minh",TP Hồ Chí Minh,Quận 3,,,,,,30,"😀Cc bán 82m2 đất Nam Khê-tp Uông Bí tỉnh Quảng Ninh trên trục đường QL18 đi Hạ Long,Đông triều giá chỉ hơn 2,tỷ
+ Đất 2 mặt tiền, mặt đường  phù hợp kinh doanh buôn bán
+Khu vực đông dân cư, thuận lợi kinh doanh buôn ......  << Xem chi tiết >>",https://alonhadat.com.vn/files/properties/2025/7/27/thumbnails/017002235-2320-ban-dat-tho-cu-dat-o-quang-ninh-gia-re.jpg,https://alonhadat.com.vn/ban82m2-dat-mat-duong18-nam-khe-uong-bi-tuc-duong-di-ha-long-dong-trieu-gia-chi-hon-2-ty-17002235.html,2026-04-08,2026-04-10T15:34:30.894Z
alonhadat-18220255,alonhadat,🔥 BÁN ĐẤT CHÍNH CHỦ – ĐƯỜNG HỒ YÊN TRUNG – P. YÊN TỬ (PHƯƠNG ĐÔNG CŨ) – TP UÔNG BÍ 🔥,House,SALE,8000000,Giá: 8 triệu / m²,VND,628,12739,"Quận 3, Quận 3, TP Hồ Chí Minh",TP Hồ Chí Minh,Quận 3,,,,,,7,"📍 Vị trí: Đường Hồ Yên Trung, khu Cửa Ngăn, phường Yên Tử (phường Phương Đông cũ), TP Uông Bí, Quảng Ninh
📌 Nằm sát sân golf Hồ Yên Trung – khu vực tiềm năng phát triển du lịch & nghỉ dưỡng

🔹 Diện tích: 627,7m²
�......  << Xem chi tiết >>",https://alonhadat.com.vn/files/properties/2026/2/28/thumbnails/20260228_025940_18220255_0.jpg,https://alonhadat.com.vn/-ban-dat-chinh-chu-duong-ho-yen-trung-p-yen-tu-phuong-dong-cu-tp-uong-bi--18220255.html,2026-04-08,2026-04-10T15:34:30.895Z
alonhadat-14943739,alonhadat,"Bán lô đất đường Yên Tử, Thôn Năm Mẫu 2, xã Thượng Yên Công, thành phố Uông Bí, Tỉnh Quảng",House,SALE,16000000,Giá: 16 triệu / m²,VND,165,96970,"Quận 3, Quận 3, TP Hồ Chí Minh",TP Hồ Chí Minh,Quận 3,,,,,,20,"Bán lô đất đường Yên Tử, Thôn Năm Mẫu 2, xã Thượng Yên Công, thành phố Uông Bí, Tỉnh Quảng Ninh.

- Diện tích 165m, mặt tiền 7,5m, hướng Đông.

- Trục đường kinh doanh buôn bán sầm uất, cạnh nhà hàng Tình Thương 1.
......  << Xem chi tiết >>",https://alonhadat.com.vn/files/properties/2024/8/14/thumbnails/014943739-2214-ban-lo-dat-duong-yen-tu-thon-nam-mau-2-xa-thuong-yen-cong-thanh-pho-uong-bi-tinh-quang.jpg,https://alonhadat.com.vn/ban-lo-dat-duong-yen-tu-thon-nam-mau-2-xa-thuong-yen-cong-thanh-pho-uong-bi-tinh-quang-14943739.html,2026-04-06,2026-04-10T15:34:30.895Z
alonhadat-14705921,alonhadat,Đất Phường Phương Đông tp Uông Bí gần trung tâm thương mại và ngã ba đường 10,House,SALE,5000000,Giá: 5 triệu / m²,VND,160,31250,"Quận 3, Quận 3, TP Hồ Chí Minh",TP Hồ Chí Minh,Quận 3,,,,,,8,"❤️❤️❤️Không có nhu cầu sử dụng gia đình cần bán mảnh đất thuộc khu Bí Trung -phường Phương Đông tp Uông Bí tỉnh Quảng Ninh
➡️giá cả hợp lý phù hợp đầu tư hoặc xây nhà
➡️Đường to ngõ ô tô tráng nhanh
Thuận tiện gần tru......  << Xem chi tiết >>",https://alonhadat.com.vn/files/properties/2024/6/28/thumbnails/014705921-0953-ban-dat-tho-cu-dat-o-quang-ninh.jpg,https://alonhadat.com.vn/dat-phuong-phuong-dong-tp-uong-bi-gan-trung-tam-thuong-mai-va-nga-ba-duong-10-14705921.html,2026-03-24,2026-04-10T15:34:30.895Z
alonhadat-18281215,alonhadat,Chính chủ bán 3 thửa đất liền kề KĐT Tân Thành (Uông Bí New City),House,SALE,11900000000,"Giá: 11,9 tỷ",VND,360,33055556,"Quận 3, Quận 3, TP Hồ Chí Minh",TP Hồ Chí Minh,Quận 3,,,,,,17,"Tôi chính chủ không có nhu cầu nên bán 3 thửa đất liền nhau, lô góc, phù hợp xây biệt thự, tại KĐT Tân Thành (Uông Bí New City - Vincom Uông Bí), cạnh Trường Quốc tế Stephen Hawking, CA phường Uông Bí.
Tổng diện tích 3 ......  << Xem chi tiết >>",https://alonhadat.com.vn/files/properties/2026/3/12/thumbnails/018281215-0407-ban-dat-nen-lien-ke-dat-du-an-quang-ninh-gia-re.jpg,https://alonhadat.com.vn/chinh-chu-ban-3-thua-dat-lien-ke-kdt-tan-thanh-uong-bi-new-city--18281215.html,2026-03-12,2026-04-10T15:34:30.896Z
alonhadat-18239314,alonhadat,"bán đất Uông bi, Yên tử Quảng Ninh, giá đầu tư",House,SALE,7000000000,Giá: 7 tỷ,VND,10,700000000,"Quận 3, Quận 3, TP Hồ Chí Minh",TP Hồ Chí Minh,Quận 3,,,,,,6,"Thông tin về diện tích tài sản:
Diện tích: 1.070.4 m2, đất ở: 700 m2, CLN: 370.4
ở rộng rãi xây mô hình nhà vườn, kinh Doanh: nhà hàng, kho, bãi

1. Hệ thống Chợ (thuận tiện sinh hoạt)
Khu vực này có lợi thế cực lớn......  << Xem chi tiết >>",https://alonhadat.com.vn/files/properties/2026/3/4/thumbnails/018239314-0058-ban-dat-tho-cu-dat-o-thanh-pho-uong-bi-chinh-chu.jpg,https://alonhadat.com.vn/ban-dat-uong-bi-yen-tu-quang-ninh-gia-dau-tu-18239314.html,2026-03-11,2026-04-10T15:34:30.896Z